subscription_id,customer_id,plan,start_date,end_date,is_active
S1001,1001,Premium,2022-09-14,2023-11-14,No
S1002,1002,Standard,2023-10-23,2025-10-18,Yes
S1003,1003,Premium,2022-08-07,2023-04-01,No
S1004,1004,Basic,2023-04-24,2025-06-01,No
S1005,1005,Standard,2023-11-19,2025-05-15,No
S1006,1006,Basic,2024-06-02,2025-05-28,No
S1007,1007,premum,2023-04-27,2025-06-21,No
S1008,1008,Standard,2023-09-19,2026-03-01,Yes
S1009,1009,Standard,2023-07-17,2025-09-09,Yes
S1010,1010,,2022-05-10,2024-10-26,No
S1011,1011,Premium,2024-03-22,2025-09-13,Yes
S1012,1012,Premium,2023-10-03,2025-10-29,Yes
S1013,1013,Basic,2022-12-28,2025-01-22,No
S1014,1014,Basic,2023-09-03,2025-07-18,Yes
S1015,1015,Premium,2022-11-16,2024-03-26,No
S1016,1016,Basic,2024-05-14,2026-03-27,Yes
S1017,1017,Basic,2024-04-09,2025-01-06,No
S1018,1018,Basic,2023-09-19,2024-11-10,No
S1019,1019,Premium,2024-01-15,2025-02-22,No
S1020,1020,Basic,2022-08-13,2024-08-01,No
S1021,1021,Standard,2022-10-15,2023-04-13,No
S1022,1022,Standard,2022-06-14,2024-08-30,No
S1023,1023,Basic,2023-06-07,2024-04-15,No
S1024,1024,Standard,2023-11-18,2024-11-13,No
S1025,1025,Standard,2023-11-08,2024-07-05,No
S1026,1026,Basic,2023-09-29,2024-08-25,No
S1027,1027,Premium,2023-11-25,2024-10-15,No
S1028,1028,Basic,2022-09-10,2024-08-28,No
S1029,1029,Standard,2024-02-08,2024-10-19,No
S1030,1030,Standard,2022-12-26,2025-05-02,No
S1031,1031,Standard,2023-04-18,2025-06-06,No
S1032,1032,Basic,2023-11-18,2025-04-25,No
S1033,1033,Standard,2024-03-28,2025-08-20,Yes
S1034,1034,Basic,2022-09-26,2023-09-02,No
S1035,1035,Premium,2024-04-25,2026-01-12,Yes
S1036,1036,Premium,2023-01-05,2024-11-13,No
S1037,1037,Premium,2022-08-01,2023-12-18,No
S1038,1038,Basic,2024-03-07,2026-04-01,Yes
S1039,1039,Premium,2023-03-23,2025-06-08,No
S1040,1040,Standard,2023-02-03,2024-03-17,No
S1041,1041,Premium,2022-09-28,2024-11-19,No
S1042,1042,Basic,2022-10-15,2024-05-04,No
S1043,1043,Standard,2022-05-11,2024-10-12,No
S1044,1044,Standard,2024-06-29,2025-05-05,No
S1045,1045,Basic,2024-03-07,2024-09-04,No
S1046,1046,Premium,2024-05-01,2026-06-06,Yes
S1047,1047,Standard,2024-04-03,2026-05-04,Yes
S1048,1048,Basic,2022-05-13,2023-05-14,No
S1049,1049,Premium,2022-08-24,2024-01-11,No
S1050,1050,Premium,2023-10-02,2024-11-11,No
S1051,1051,Premium,2023-11-26,2025-12-24,Yes
S1052,1052,Basic,2022-06-30,2024-05-18,No
S1053,1053,Basic,2023-04-08,2024-09-08,No
S1054,1054,Premium,2023-11-12,2024-07-28,No
S1055,1055,Basic,2022-12-10,2024-05-28,No
S1056,1056,Standard,2024-06-22,2025-06-08,No
S1057,1057,Premium,2023-11-08,2024-08-04,No
S1058,1058,Premium,2024-04-18,2026-09-01,Yes
S1059,1059,Premium,2022-08-14,2024-01-19,No
S1060,1060,Standard,2024-02-15,2024-08-24,No
S1061,1061,Standard,2023-03-03,2024-03-31,No
S1062,1062,Basic,2023-12-18,2026-05-25,Yes
S1063,1063,Basic,2023-07-03,2024-12-22,No
S1064,1064,Standard,2022-08-10,2023-05-27,No
S1065,1065,Premium,2024-04-28,2024-02-20,No
S1066,1066,Basic,2022-04-02,2023-10-29,No
S1067,1067,Standard,2023-12-18,2025-08-18,Yes
S1068,1068,Basic,2023-04-24,2024-12-17,No
S1069,1069,Standard,2024-04-13,2025-11-01,Yes
S1070,1070,Standard,2024-05-09,2026-05-18,Yes
S1071,1071,Standard,2022-05-20,2023-02-27,No
S1072,1072,Standard,2023-02-18,2025-03-30,No
S1073,1073,Premium,2024-04-30,2026-09-30,Yes
S1074,1074,Basic,2023-05-27,2024-05-07,No
S1075,1075,Standard,2022-07-17,2023-03-29,No
S1076,1076,Basic,2024-01-23,2025-05-18,No
S1077,1077,Basic,2022-11-14,2024-04-03,No
S1078,1078,Standard,2024-05-02,2025-02-13,No
S1079,1079,Basic,2023-02-01,2024-07-15,No
S1080,1080,Basic,2023-01-26,2024-08-12,No
S1081,1081,Basic,2022-10-29,2023-07-12,No
S1082,1082,Premium,2024-02-28,2024-11-29,No
S1083,1083,Standard,2022-10-30,2024-12-26,No
S1084,1084,Premium,2023-04-27,2025-03-01,No
S1085,1085,Premium,2023-01-11,2023-08-10,No
S1086,1086,Standard,2022-08-14,2024-12-10,No
S1087,1087,Basic,2023-10-02,2025-12-11,Yes
S1088,1088,Standard,2023-03-19,2024-02-22,No
S1089,1089,Basic,2023-03-18,2023-12-26,No
S1090,1090,Standard,2022-12-27,2024-01-21,No
S1091,1091,Basic,2024-02-15,2025-10-06,Yes
S1092,1092,Premium,2023-06-17,2025-07-03,Yes
S1093,1093,Premium,2022-07-10,2024-07-12,No
S1094,1094,Standard,2024-06-21,2026-10-25,Yes
S1095,1095,Standard,2022-08-20,2023-12-17,No
S1096,1096,Basic,2024-03-12,2024-12-15,No
S1097,1097,Basic,2023-09-25,2025-04-29,No
S1098,1098,Premium,2022-06-26,2022-04-03,No
S1099,1099,Standard,2023-01-29,2024-01-01,No
S1100,1100,Basic,2024-03-27,2025-09-27,Yes
S1101,1101,Basic,2024-05-15,2026-01-22,Yes
S1102,1102,Basic,2022-09-16,2024-01-10,No
S1103,1103,,2022-12-13,2025-03-12,No
S1104,1104,Premium,2024-06-20,2026-04-22,Yes
S1105,1105,Basic,2022-12-19,2023-09-24,No
S1106,1106,Basic,2024-01-30,2025-02-24,No
S1107,1107,Basic,2023-08-19,2025-11-29,Yes
S1108,1108,Standard,2023-11-27,2024-08-16,No
S1109,1109,Standard,2023-07-03,2024-04-26,No
S1110,1110,Standard,2022-05-24,2024-01-01,No
S1111,1111,Standard,2022-04-02,2024-02-11,No
S1112,1112,Premium,2023-12-29,2025-03-24,No
S1113,1113,Basic,2022-03-31,2024-07-15,No
S1114,1114,Premium,2024-01-18,2025-08-16,Yes
S1115,1115,Basic,2024-05-21,2025-12-01,Yes
S1116,1116,Standard,2023-03-16,2024-09-24,No
S1117,1117,Basic,2024-06-05,2026-03-03,Yes
S1118,1118,Basic,2023-09-18,2024-12-10,No
S1119,1119,Standard,2022-09-12,2024-06-29,No
S1120,1120,Standard,2023-07-26,2024-09-09,No
S1121,1121,Standard,2023-12-30,2026-01-25,Yes
S1122,1122,Basic,2022-10-28,2023-09-27,No
S1123,1123,Premium,2023-04-10,2025-08-20,Yes
S1124,1124,Basic,2023-06-01,2024-02-23,No
S1125,1125,Premium,2024-05-15,2025-10-29,Yes
S1126,1126,Premium,2023-01-14,2024-09-08,No
S1127,1127,Premium,2023-06-23,2024-08-08,No
S1128,1128,Premium,2022-09-30,2023-05-30,No
S1129,1129,Standard,2023-01-27,2025-01-11,No
S1130,1130,Standard,2023-07-31,2025-07-28,Yes
S1131,1131,,2022-12-10,2024-10-06,No
S1132,1132,Premium,2022-08-19,2023-10-14,No
S1133,1133,Standard,2022-10-08,2024-02-06,No
S1134,1134,Basic,2022-12-16,2024-07-22,No
S1135,1135,Premium,2023-11-27,2024-06-29,No
S1136,1136,Premium,2023-03-11,2025-04-13,No
S1137,1137,Premium,2023-01-23,2025-02-26,No
S1138,1138,Premium,2022-08-25,2024-11-17,No
S1139,1139,Basic,2023-07-22,2024-05-20,No
S1140,1140,Standard,2023-11-12,2024-11-03,No
S1141,1141,Basic,2024-05-13,2025-06-13,No
S1142,1142,premum,2023-03-21,2024-01-24,No
S1143,1143,Basic,2023-12-13,2025-08-17,Yes
S1144,1144,Basic,2023-02-09,2025-07-07,Yes
S1145,1145,Standard,2022-08-28,2023-09-18,No
S1146,1146,Premium,2022-04-24,2023-03-21,No
S1147,1147,Premium,2022-03-29,2023-06-16,No
S1148,1148,Standard,2024-05-09,2025-01-12,No
S1149,1149,Basic,2023-03-20,2024-10-17,No
S1150,1150,Premium,2022-12-05,2024-07-13,No
S1151,1151,Premium,2022-10-11,2024-03-07,No
S1152,1152,Standard,2022-12-16,2024-11-27,No
S1153,1153,Standard,2023-03-27,2023-10-05,No
S1154,1154,Premium,2022-05-07,2024-08-02,No
S1155,1155,Premium,2023-09-22,2025-09-06,Yes
S1156,1156,Standard,2023-11-02,2024-08-23,No
S1157,1157,Standard,2022-12-24,2022-12-11,No
S1158,1158,Basic,2023-11-06,2025-12-05,Yes
S1159,1159,Premium,2024-04-25,2026-06-10,Yes
S1160,1160,Basic,2022-12-22,2023-10-06,No
S1161,1161,Premium,2023-04-26,2024-02-03,No
S1162,1162,Standard,2022-05-08,2024-05-05,No
S1163,1163,Standard,2024-06-23,2026-02-13,Yes
S1164,1164,Standard,2023-04-27,2024-11-19,No
S1165,1165,Premium,2022-04-02,2024-02-08,No
S1166,1166,Premium,2023-11-18,2026-01-29,Yes
S1167,1167,Standard,2023-05-28,2024-01-01,No
S1168,1168,Basic,2022-06-19,2023-09-24,No
S1169,1169,Standard,2022-10-01,2023-08-24,No
S1170,1170,Premium,2022-11-01,2025-01-12,No
S1171,1171,Premium,2024-04-05,2026-09-12,Yes
S1172,1172,Standard,2023-03-15,2023-10-20,No
S1173,1173,Standard,2023-06-07,2024-11-07,No
S1174,1174,Premium,2023-07-31,2024-09-26,No
S1175,1175,Basic,2022-05-21,2024-03-17,No
S1176,1176,Standard,2023-03-06,2024-09-17,No
S1177,1177,Basic,2024-05-07,2025-10-14,Yes
S1178,1178,Standard,2022-04-22,2023-09-02,No
S1179,1179,Standard,2023-10-20,2025-09-02,Yes
S1180,1180,Premium,2023-10-29,2026-03-28,Yes
S1181,1181,Basic,2022-11-30,2024-01-17,No
S1182,1182,Basic,2022-05-06,2023-09-05,No
S1183,1183,Premium,2022-10-17,2024-07-11,No
S1184,1184,Standard,2023-08-16,2024-11-13,No
S1185,1185,Premium,2022-11-18,2024-07-16,No
S1186,1186,Premium,2022-06-28,2024-10-16,No
S1187,1187,Basic,2022-07-23,2023-07-30,No
S1188,1188,Standard,2022-07-17,2023-08-17,No
S1189,1189,Standard,2022-03-28,2024-02-02,No
S1190,1190,Premium,2023-07-10,2025-01-22,No
S1191,1191,Basic,2024-04-20,2026-03-28,Yes
S1192,1192,Basic,2024-06-17,2025-02-19,No
S1193,1193,Standard,2023-04-13,2025-03-11,No
S1194,1194,Standard,2023-04-11,2024-02-23,No
S1195,1195,Premium,2022-09-02,2024-10-03,No
S1196,1196,Basic,2022-04-28,2023-04-20,No
S1197,1197,Basic,2022-06-12,2023-07-02,No
S1198,1198,Basic,2024-04-02,2025-06-11,No
S1199,1199,Basic,2022-11-24,2024-09-01,No
S1200,1200,Basic,2024-05-31,2025-12-01,Yes
S1201,1201,Premium,2023-11-25,2024-12-12,No
S1202,1202,Standard,2023-09-17,2025-03-27,No
S1203,1203,Standard,2022-12-08,2024-11-04,No
S1204,1204,Standard,2024-04-03,2026-07-12,Yes
S1205,1205,Basic,2022-12-09,2025-05-04,No
S1206,1206,premum,2022-09-07,2023-11-08,No
S1207,1207,Standard,2022-04-10,2024-02-19,No
S1208,1208,Premium,2023-11-16,2025-08-13,Yes
S1209,1209,Basic,2023-08-21,2025-06-16,No
S1210,1210,Premium,2023-03-03,2025-03-16,No
S1211,1211,Standard,2023-04-21,2024-10-04,No
S1212,1212,Basic,2023-07-05,2024-09-21,No
S1213,1213,Premium,2023-08-21,2026-01-22,Yes
S1214,1214,Basic,2022-06-22,2023-10-06,No
S1215,1215,Basic,2022-05-31,2023-12-27,No
S1216,1216,Basic,2023-11-21,2024-11-01,No
S1217,1217,Premium,2022-06-19,2023-07-23,No
S1218,1218,Basic,2023-09-14,2026-01-03,Yes
S1219,1219,Basic,2023-06-26,2025-11-15,Yes
S1220,1220,Basic,2022-07-05,2023-10-03,No
S1221,1221,Premium,2024-05-05,2025-12-25,Yes
S1222,1222,Premium,2022-09-15,2023-04-03,No
S1223,1223,Premium,2022-11-20,2023-05-28,No
S1224,1224,Standard,2023-04-05,2024-02-14,No
S1225,1225,Premium,2023-10-15,2024-10-06,No
S1226,1226,Premium,2023-05-16,2023-11-20,No
S1227,1227,Basic,2022-09-24,2023-12-06,No
S1228,1228,Premium,2022-03-22,2023-07-27,No
S1229,1229,Premium,2023-10-19,2023-08-02,Yes
S1230,1230,Standard,2022-10-28,2022-09-13,No
S1231,1231,Standard,2023-06-06,2024-11-24,No
S1232,1232,Standard,2023-04-17,2024-06-28,No
S1233,1233,Basic,2024-04-29,2026-02-15,Yes
S1234,1234,Standard,2022-05-10,2024-09-29,No
S1235,1235,Premium,2023-10-03,2025-12-29,Yes
S1236,1236,Standard,2023-10-28,2025-12-14,Yes
S1237,1237,Basic,2024-06-27,2024-12-31,No
S1238,1238,Premium,2023-03-06,2025-07-11,Yes
S1239,1239,Standard,2023-09-08,2025-10-01,Yes
S1240,1240,Premium,2024-04-18,2026-06-15,Yes
S1241,1241,Premium,2022-04-15,2023-07-28,No
S1242,1242,Standard,2023-04-21,2025-09-17,Yes
S1243,1243,Basic,2023-10-01,2025-08-04,Yes
S1244,1244,Basic,2024-01-12,2025-06-19,No
S1245,1245,Standard,2023-09-08,2025-12-21,Yes
S1246,1246,Standard,2022-07-25,2023-10-31,No
S1247,1247,Standard,2023-02-03,2025-06-03,No
S1248,1248,Premium,2024-04-08,2026-08-03,Yes
S1249,1249,Standard,2022-10-20,2023-10-27,No
S1250,1250,Basic,2022-08-09,2024-07-18,No
S1251,1251,Basic,2022-05-08,2023-01-01,No
S1252,1252,Premium,2024-05-19,2026-01-02,Yes
S1253,1253,,2022-09-01,2024-01-21,No
S1254,1254,Standrd,2023-04-10,2024-02-27,No
S1255,1255,Premium,2023-03-06,2023-09-28,No
S1256,1256,Premium,2023-08-06,2025-06-25,No
S1257,1257,Standard,2023-07-28,2024-10-15,No
S1258,1258,Standard,2022-08-21,2024-04-06,No
S1259,1259,Standard,2023-03-22,2023-10-24,No
S1260,1260,Premium,2023-08-03,2025-09-06,Yes
S1261,1261,Basic,2024-06-28,2025-12-11,Yes
S1262,1262,Premium,2023-05-03,2024-06-13,No
S1263,1263,Premium,2022-10-01,2024-09-27,No
S1264,1264,Premium,2022-05-13,2024-03-10,No
S1265,1265,Premium,2022-12-15,2024-06-14,No
S1266,1266,Premium,2024-02-26,2025-06-27,No
S1267,1267,Basic,2022-07-04,2024-11-03,No
S1268,1268,Premium,2024-06-15,2025-06-15,No
S1269,1269,Standard,2024-03-05,2024-12-09,No
S1270,1270,Standard,2023-02-05,2023-12-13,No
S1271,1271,Premium,2022-07-08,2023-09-25,No
S1272,1272,Premium,2023-10-24,2025-11-14,Yes
S1273,1273,Basic,2023-12-17,2026-05-11,Yes
S1274,1274,Standard,2024-04-19,2026-08-17,Yes
S1275,1275,Standrd,2023-09-30,2024-11-10,No
S1276,1276,Standard,2022-11-06,2023-12-19,No
S1277,1277,Premium,2024-01-29,2025-06-06,No
S1278,1278,Standard,2023-07-25,2024-12-25,No
S1279,1279,Standard,2023-03-21,2024-06-09,No
S1280,1280,Premium,2022-11-22,2024-03-17,No
S1281,1281,Standard,2023-08-09,2024-06-04,No
S1282,1282,Standard,2023-05-31,2024-01-20,No
S1283,1283,Premium,2023-02-08,2025-03-26,No
S1284,1284,Premium,2022-11-03,2025-01-26,No
S1285,1285,Basic,2024-03-19,2026-01-11,Yes
S1286,1286,Basic,2022-06-21,2024-05-13,No
S1287,1287,Basic,2024-04-14,2026-09-08,Yes
S1288,1288,Standard,2022-09-30,2024-09-21,No
S1289,1289,Standard,2023-07-29,2025-03-23,No
S1290,1290,Basic,2023-08-10,2024-07-09,No
S1291,1291,Basic,2022-12-23,2024-01-12,No
S1292,1292,Standard,2023-11-02,2025-06-23,No
S1293,1293,Premium,2023-11-10,2025-08-19,Yes
S1294,1294,Basic,2022-05-13,2023-09-28,No
S1295,1295,Premium,2023-04-02,2024-03-31,No
S1296,1296,Basic,2024-05-31,2026-04-10,Yes
S1297,1297,Standard,2023-09-03,2025-12-07,Yes
S1298,1298,Basic,2023-10-23,2025-03-06,No
S1299,1299,Premium,2022-08-01,2023-03-28,No
S1300,1300,Basic,2024-04-10,2026-01-12,Yes
S1301,1301,Standard,2022-07-31,2023-08-29,No
S1302,1302,Basic,2024-02-04,2026-03-15,Yes
S1303,1303,Basic,2023-03-17,2025-01-26,No
S1304,1304,Basic,2022-03-29,2023-02-04,No
S1305,1305,Premium,2024-01-20,2025-10-05,Yes
S1306,1306,,2023-08-28,2025-05-08,No
S1307,1307,Standard,2023-03-20,2024-11-28,No
S1308,1308,Standard,2023-02-21,2024-09-15,No
S1309,1309,Basic,2022-11-22,2023-06-28,No
S1310,1310,Premium,2024-06-07,2025-06-26,No
S1311,1311,Premium,2024-06-21,2026-01-04,Yes
S1312,1312,Basic,2022-10-18,2022-10-09,No
S1313,1313,Premium,2022-04-27,2023-05-07,No
S1314,1314,Basic,2023-11-18,2026-04-08,Yes
S1315,1315,Basic,2022-08-05,2024-11-03,No
S1316,1316,premum,2022-09-25,2023-12-03,No
S1317,1317,Basic,2023-08-18,2026-01-24,Yes
S1318,1318,Standard,2023-06-22,2024-11-02,No
S1319,1319,Basic,2023-09-01,2024-06-12,No
S1320,1320,Standard,2024-01-02,2025-11-27,Yes
S1321,1321,Premium,2023-06-21,2024-10-26,No
S1322,1322,Basic,2024-01-13,2024-09-15,No
S1323,1323,Basic,2022-03-29,2023-07-27,No
S1324,1324,Standard,2024-02-06,2025-11-13,Yes
S1325,1325,Premium,2022-03-29,2024-03-10,No
S1326,1326,Premium,2024-06-15,2026-06-01,Yes
S1327,1327,Standard,2023-06-18,2025-03-03,No
S1328,1328,Premium,2022-11-09,2023-09-22,No
S1329,1329,Standard,2024-03-11,2026-01-21,Yes
S1330,1330,Standard,2024-06-04,2025-06-11,No
S1331,1331,Basic,2022-10-14,2024-05-29,No
S1332,1332,Basic,2022-09-18,2022-07-22,No
S1333,1333,Basic,2022-09-04,2023-07-15,No
S1334,1334,Standrd,2024-05-14,2024-12-02,No
S1335,1335,Premium,2024-03-03,2026-01-28,Yes
S1336,1336,Basic,2024-02-12,2024-12-14,No
S1337,1337,Standard,2022-08-13,2024-12-06,No
S1338,1338,Basic,2022-11-06,2024-05-23,No
S1339,1339,Premium,2022-08-29,2023-11-13,No
S1340,1340,Premium,2023-05-09,2025-08-04,Yes
S1341,1341,Basic,2023-11-20,2026-01-16,Yes
S1342,1342,Basic,2023-06-24,2025-10-28,Yes
S1343,1343,Basic,2022-12-20,2025-04-17,No
S1344,1344,Basic,2023-05-19,2024-01-03,No
S1345,1345,Premium,2023-03-22,2024-01-14,No
S1346,1346,Standard,2022-09-11,2024-06-06,No
S1347,1347,Standard,2024-05-09,2025-03-11,No
S1348,1348,Premium,2022-04-16,2023-06-28,No
S1349,1349,Standard,2022-05-08,2024-10-22,No
S1350,1350,Basic,2023-11-21,2024-12-15,No
S1351,1351,Premium,2022-04-14,2024-09-12,No
S1352,1352,Premium,2024-02-02,2024-08-09,No
S1353,1353,Standard,2024-03-09,2025-11-09,Yes
S1354,1354,Premium,2024-06-14,2025-03-24,No
S1355,1355,Premium,2023-08-03,2025-07-15,Yes
S1356,1356,Standard,2024-05-07,2026-08-02,Yes
S1357,1357,Premium,2023-01-08,2025-06-23,No
S1358,1358,Basic,2023-02-28,2024-10-28,No
S1359,1359,Standrd,2022-10-31,2024-10-03,No
S1360,1360,Premium,2022-10-09,2024-12-29,No
S1361,1361,premum,2023-08-26,2024-12-07,No
S1362,1362,Basic,2024-04-28,2025-02-10,No
S1363,1363,Standard,2022-07-28,2022-05-15,No
S1364,1364,Premium,2024-04-15,2025-05-04,No
S1365,1365,Standard,2024-01-30,2026-01-14,Yes
S1366,1366,Basic,2022-09-20,2024-03-19,No
S1367,1367,Premium,2023-06-05,2025-01-24,No
S1368,1368,Standard,2023-01-29,2024-01-08,No
S1369,1369,Basic,2022-08-29,2024-09-08,No
S1370,1370,Standard,2023-04-16,2024-05-12,No
S1371,1371,Premium,2023-07-18,2025-05-20,No
S1372,1372,Standard,2022-06-13,2023-08-07,No
S1373,1373,Basic,2023-08-14,2024-02-23,No
S1374,1374,Premium,2024-01-25,2024-10-22,No
S1375,1375,Basic,2024-03-28,2026-05-04,Yes
S1376,1376,Premium,2024-03-23,2026-02-06,Yes
S1377,1377,Basic,2022-03-21,2022-12-18,No
S1378,1378,Premium,2022-12-02,2023-08-15,No
S1379,1379,Premium,2023-05-06,2024-02-13,No
S1380,1380,,2023-09-09,2025-12-26,Yes
S1381,1381,Basic,2024-03-15,2025-12-22,Yes
S1382,1382,Standard,2024-01-23,2025-04-17,No
S1383,1383,Standard,2024-03-11,2024-10-28,No
S1384,1384,Basic,2024-03-04,2025-02-25,No
S1385,1385,Basic,2022-03-26,2023-07-16,No
S1386,1386,Standard,2022-08-08,2022-06-21,No
S1387,1387,Standard,2022-08-26,2024-05-03,No
S1388,1388,Premium,2023-12-28,2024-10-21,No
S1389,1389,Basic,2023-07-18,2024-02-29,No
S1390,1390,Basic,2022-11-28,2023-10-15,No
S1391,1391,Premium,2022-06-02,2024-09-21,No
S1392,1392,Basic,2023-11-22,2025-04-21,No
S1393,1393,Standard,2023-07-16,2025-04-04,No
S1394,1394,,2022-06-22,2023-09-19,No
S1395,1395,Standrd,2024-05-07,2025-02-06,No
S1396,1396,Standard,2024-05-10,2025-10-22,Yes
S1397,1397,Basic,2022-08-22,2023-06-14,No
S1398,1398,Standard,2023-05-02,2024-12-11,No
S1399,1399,Standard,2024-03-05,2025-06-06,No
S1400,1400,Standard,2022-08-05,2025-01-07,No
S1401,1401,,2022-08-16,2024-04-18,No
S1402,1402,Premium,2023-05-22,2024-05-06,No
S1403,1403,Basic,2023-08-26,2024-07-06,No
S1404,1404,Premium,2023-09-07,2024-05-04,No
S1405,1405,Basic,2022-05-27,2023-03-09,No
S1406,1406,Standard,2023-06-06,2025-07-29,Yes
S1407,1407,Standard,2022-12-05,2025-01-05,No
S1408,1408,Premium,2023-05-20,2025-02-06,No
S1409,1409,Basic,2024-06-10,2026-08-24,Yes
S1410,1410,Standard,2023-04-17,2024-10-15,No
S1411,1411,Premium,2023-09-07,2024-04-03,No
S1412,1412,Premium,2023-08-02,2024-06-10,No
S1413,1413,Standard,2024-03-31,2026-02-08,Yes
S1414,1414,Basic,2022-11-04,2024-06-27,No
S1415,1415,Standard,2023-05-21,2024-01-03,No
S1416,1416,Basic,2023-11-16,2025-02-05,No
S1417,1417,Premium,2023-01-24,2024-06-08,No
S1418,1418,Basic,2023-01-24,2025-06-16,No
S1419,1419,Premium,2022-06-16,2024-07-25,No
S1420,1420,Premium,2024-03-16,2024-03-01,Yes
S1421,1421,Basic,2022-10-22,2025-03-05,No
S1422,1422,Standard,2022-04-30,2024-04-10,No
S1423,1423,Premium,2022-05-13,2024-10-13,No
S1424,1424,Premium,2022-09-10,2024-12-01,No
S1425,1425,Basic,2022-09-26,2024-06-10,No
S1426,1426,Premium,2024-04-21,2025-06-29,No
S1427,1427,Standard,2022-04-06,2023-09-22,No
S1428,1428,Premium,2023-07-05,2025-11-23,Yes
S1429,1429,Premium,2023-03-25,2024-10-19,No
S1430,1430,Basic,2023-09-10,2025-09-30,Yes
S1431,1431,Premium,2022-10-09,2023-06-01,No
S1432,1432,Basic,2023-03-14,2025-06-29,No
S1433,1433,premum,2023-03-27,2025-02-21,No
S1434,1434,Standard,2023-08-05,2025-06-22,No
S1435,1435,Basic,2024-01-27,2024-10-09,No
S1436,1436,Standard,2022-03-22,2023-08-12,No
S1437,1437,Basic,2023-01-30,2024-07-01,No
S1438,1438,Standard,2023-10-20,2024-06-07,No
S1439,1439,Premium,2023-01-11,2024-02-23,No
S1440,1440,Premium,2023-09-14,2025-12-30,Yes
S1441,1441,Standard,2022-08-04,2024-03-18,No
S1442,1442,Basic,2024-04-23,2025-01-08,No
S1443,1443,Standard,2023-09-13,2025-06-08,No
S1444,1444,Premium,2024-01-28,2025-10-27,Yes
S1445,1445,Basic,2022-08-20,2024-07-10,No
S1446,1446,Standard,2024-02-18,2023-11-29,Yes
S1447,1447,Basic,2022-12-05,2024-10-24,No
S1448,1448,Premium,2022-08-13,2024-12-09,No
S1449,1449,Basic,2024-03-26,2025-01-05,No
S1450,1450,Standard,2023-01-26,2024-09-19,No
S1451,1451,Basic,2023-08-18,2025-09-06,Yes
S1452,1452,Premium,2023-12-16,2024-06-13,No
S1453,1453,Basic,2024-04-11,2026-06-18,Yes
S1454,1454,Premium,2022-05-02,2024-08-11,No
S1455,1455,Standard,2022-08-22,2024-07-22,No
S1456,1456,Premium,2022-10-27,2023-11-22,No
S1457,1457,Premium,2023-12-27,2026-05-12,Yes
S1458,1458,Standard,2022-06-22,2023-12-03,No
S1459,1459,Standard,2023-06-22,2024-02-12,No
S1460,1460,Basic,2023-04-02,2025-01-06,No
S1461,1461,Standard,2023-11-03,2025-11-25,Yes
S1462,1462,Premium,2022-03-24,2024-05-26,No
S1463,1463,Standard,2022-08-05,2024-12-04,No
S1464,1464,Standard,2022-04-25,2024-01-28,No
S1465,1465,Basic,2023-04-28,2024-02-01,No
S1466,1466,Premium,2023-10-17,2024-11-27,No
S1467,1467,Basic,2023-06-15,2024-11-25,No
S1468,1468,Standard,2024-02-23,2026-05-31,Yes
S1469,1469,Standard,2023-03-27,2025-04-05,No
S1470,1470,Premium,2024-03-28,2025-10-11,Yes
S1471,1471,Premium,2023-05-02,2024-02-14,No
S1472,1472,Basic,2023-06-13,2024-05-26,No
S1473,1473,premum,2023-11-13,2024-10-01,No
S1474,1474,Premium,2022-06-29,2024-02-18,No
S1475,1475,Basic,2024-05-21,2025-08-04,Yes
S1476,1476,Premium,2022-05-14,2023-05-29,No
S1477,1477,Basic,2024-06-24,2025-04-23,No
S1478,1478,Standard,2023-11-22,2024-12-26,No
S1479,1479,Standard,2023-01-06,2022-10-20,No
S1480,1480,Premium,2023-08-26,2025-02-02,No
S1481,1481,Basic,2023-04-27,2024-12-21,No
S1482,1482,Basic,2024-04-26,2026-08-02,Yes
S1483,1483,Premium,2022-12-29,2025-02-18,No
S1484,1484,Basic,2022-11-19,2024-08-21,No
S1485,1485,Standard,2023-09-05,2026-01-06,Yes
S1486,1486,Premium,2023-07-04,2025-05-30,No
S1487,1487,Basic,2022-08-19,2024-07-09,No
S1488,1488,Basic,2023-06-26,2025-06-18,No
S1489,1489,Premium,2023-01-27,2023-09-13,No
S1490,1490,Premium,2023-05-27,2025-02-08,No
S1491,1491,Premium,2023-06-13,2025-04-17,No
S1492,1492,Premium,2023-06-30,2024-06-25,No
S1493,1493,Premium,2022-06-10,2024-07-21,No
S1494,1494,Basic,2022-05-01,2023-03-08,No
S1495,1495,Basic,2024-02-14,2025-09-12,Yes
S1496,1496,Premium,2023-07-19,2025-09-20,Yes
S1497,1497,Premium,2022-07-18,2023-12-09,No
S1498,1498,Premium,2022-03-22,2023-10-16,No
S1499,1499,Standard,2024-05-23,2026-08-04,Yes
S1500,1500,Premium,2024-05-18,2025-07-26,Yes
S1501,1501,Standard,2022-03-18,2023-10-26,No
S1502,1502,Standard,2024-05-23,2025-09-16,Yes
S1503,1503,Standard,2023-06-30,2024-05-11,No
S1504,1504,Basic,2023-09-24,2025-05-18,No
S1505,1505,Premium,2022-05-30,2024-11-11,No
S1506,1506,Premium,2023-12-21,2025-11-24,Yes
S1507,1507,Standard,2023-06-19,2025-12-03,Yes
S1508,1508,Premium,2022-06-16,2023-10-30,No
S1509,1509,Premium,2023-12-28,2026-01-12,Yes
S1510,1510,Premium,2024-04-09,2025-05-16,No
S1511,1511,Basic,2023-03-31,2024-04-28,No
S1512,1512,Premium,2024-01-11,2025-05-02,No
S1513,1513,Premium,2023-03-30,2024-09-13,No
S1514,1514,Premium,2023-04-11,2024-02-20,No
S1515,1515,Premium,2022-08-12,2024-12-04,No
S1516,1516,Basic,2023-01-21,2022-10-24,No
S1517,1517,Premium,2024-05-29,2026-11-05,Yes
S1518,1518,Premium,2024-05-25,2025-10-17,Yes
S1519,1519,Premium,2023-06-25,2024-04-18,No
S1520,1520,Standard,2024-01-24,2026-02-17,Yes
S1521,1521,Standard,2023-06-15,2025-07-30,Yes
S1522,1522,Premium,2024-02-10,2026-06-22,Yes
S1523,1523,Premium,2023-08-13,2025-04-11,No
S1524,1524,Premium,2024-06-03,2026-05-30,Yes
S1525,1525,Standard,2023-05-30,2025-01-31,No
S1526,1526,Basic,2022-07-10,2024-06-24,No
S1527,1527,Basic,2023-09-11,2024-04-03,No
S1528,1528,Standard,2024-02-25,2025-01-18,No
S1529,1529,Basic,2024-01-05,2026-05-20,Yes
S1530,1530,Basic,2022-03-23,2023-04-11,No
S1531,1531,Standard,2022-07-04,2023-06-13,No
S1532,1532,Standard,2023-08-27,2026-01-22,Yes
S1533,1533,Standard,2022-04-09,2023-03-04,No
S1534,1534,Basic,2023-12-07,2026-05-12,Yes
S1535,1535,Standard,2024-06-03,2025-06-26,No
S1536,1536,Premium,2023-03-09,2023-10-08,No
S1537,1537,Standard,2024-04-02,2026-01-05,Yes
S1538,1538,Basic,2023-01-08,2025-03-28,No
S1539,1539,Premium,2024-04-15,2026-05-10,Yes
S1540,1540,Basic,2023-03-27,2025-07-16,Yes
S1541,1541,Premium,2023-07-13,2025-02-10,No
S1542,1542,Basic,2023-12-26,2025-11-28,Yes
S1543,1543,Premium,2024-05-04,2025-08-21,Yes
S1544,1544,Premium,2023-08-23,2025-12-30,Yes
S1545,1545,Basic,2022-07-04,2024-01-25,No
S1546,1546,Standard,2023-09-13,2025-05-11,No
S1547,1547,Premium,2022-09-18,2024-01-31,No
S1548,1548,Premium,2022-09-28,2023-05-21,No
S1549,1549,Basic,2024-03-26,2025-06-06,No
S1550,1550,Basic,2022-11-01,2025-01-24,No
S1551,1551,Standard,2022-06-23,2023-08-07,No
S1552,1552,Premium,2024-05-18,2026-09-08,Yes
S1553,1553,Standard,2022-09-12,2024-11-02,No
S1554,1554,,2022-05-06,2024-07-11,No
S1555,1555,Basic,2022-09-14,2022-06-17,No
S1556,1556,Standard,2023-09-07,2025-06-07,No
S1557,1557,Basic,2023-10-23,2026-03-20,Yes
S1558,1558,Basic,2023-03-23,2024-03-28,No
S1559,1559,Basic,2024-01-20,2025-12-26,Yes
S1560,1560,Basic,2023-12-04,2025-06-22,No
S1561,1561,Basic,2023-08-14,2025-04-23,No
S1562,1562,Standard,2023-05-18,2025-06-05,No
S1563,1563,Standard,2022-12-02,2023-10-11,No
S1564,1564,Basic,2023-03-10,2025-04-26,No
S1565,1565,Standard,2023-10-20,2024-04-22,No
S1566,1566,Standard,2023-09-06,2025-06-24,No
S1567,1567,Premium,2023-10-19,2024-09-21,No
S1568,1568,Basic,2022-06-22,2023-05-25,No
S1569,1569,Standard,2023-02-05,2025-04-06,No
S1570,1570,Basic,2023-02-06,2025-05-06,No
S1571,1571,Premium,2023-01-29,2025-06-04,No
S1572,1572,Standard,2022-11-10,2024-09-22,No
S1573,1573,Premium,2023-02-09,2025-02-21,No
S1574,1574,Standard,2023-09-11,2024-05-22,No
S1575,1575,Premium,2023-04-15,2024-09-01,No
S1576,1576,Premium,2022-05-09,2023-06-18,No
S1577,1577,Basic,2024-05-08,2026-04-21,Yes
S1578,1578,Basic,2023-06-24,2025-05-21,No
S1579,1579,Basic,2023-01-30,2024-09-26,No
S1580,1580,,2022-09-30,2024-09-28,No
S1581,1581,Standard,2024-02-19,2024-11-19,No
S1582,1582,Standard,2022-04-08,2023-05-19,No
S1583,1583,Basic,2023-12-09,2026-04-16,Yes
S1584,1584,Standard,2023-02-03,2024-07-06,No
S1585,1585,Standard,2024-02-10,2025-06-04,No
S1586,1586,Basic,2023-01-15,2025-04-07,No
S1587,1587,Premium,2023-01-19,2024-11-15,No
S1588,1588,Standrd,2023-08-08,2025-11-29,Yes
S1589,1589,Basic,2022-06-03,2023-03-27,No
S1590,1590,Premium,2023-01-27,2024-07-14,No
S1591,1591,Standard,2022-07-05,2023-09-04,No
S1592,1592,Premium,2022-03-17,2024-06-02,No
S1593,1593,Premium,2022-08-10,2023-10-13,No
S1594,1594,Standrd,2023-08-19,2026-01-13,Yes
S1595,1595,Standard,2022-10-27,2024-05-19,No
S1596,1596,Basic,2022-11-16,2024-06-13,No
S1597,1597,Standard,2022-11-10,2024-11-12,No
S1598,1598,Premium,2022-09-24,2024-01-06,No
S1599,1599,Basic,2024-01-30,2026-01-08,Yes
S1600,1600,Standard,2022-11-21,2024-10-27,No
S1601,1601,Premium,2024-06-10,2026-03-08,Yes
S1602,1602,Standard,2024-01-26,2024-09-06,No
S1603,1603,Standard,2023-05-06,2025-08-30,Yes
S1604,1604,Basic,2022-06-07,2023-10-28,No
S1605,1605,Standrd,2023-01-15,2023-10-06,No
S1606,1606,Basic,2022-08-21,2023-08-07,No
S1607,1607,Premium,2023-08-13,2025-08-08,Yes
S1608,1608,Basic,2023-07-15,2025-10-13,Yes
S1609,1609,Basic,2022-10-14,2023-11-13,No
S1610,1610,Premium,2023-09-18,2025-12-20,Yes
S1611,1611,Basic,2023-08-30,2026-01-27,Yes
S1612,1612,Standard,2022-07-24,2023-05-06,No
S1613,1613,Basic,2023-07-08,2025-07-07,Yes
S1614,1614,Premium,2023-09-09,2025-05-26,No
S1615,1615,Premium,2023-06-07,2024-02-15,No
S1616,1616,Premium,2024-05-17,2026-10-16,Yes
S1617,1617,Basic,2023-04-04,2023-10-25,No
S1618,1618,Standard,2023-11-23,2025-04-25,No
S1619,1619,Basic,2022-12-02,2023-08-28,No
S1620,1620,Basic,2022-10-08,2023-05-31,No
S1621,1621,Basic,2024-05-09,2025-07-20,Yes
S1622,1622,Premium,2022-09-15,2023-05-25,No
S1623,1623,Premium,2023-05-03,2023-04-30,No
S1624,1624,,2024-03-19,2025-11-06,Yes
S1625,1625,Standard,2022-12-14,2024-09-15,No
S1626,1626,Premium,2023-02-27,2024-10-13,No
S1627,1627,Standard,2023-08-06,2024-12-21,No
S1628,1628,Basic,2022-05-04,2023-12-03,No
S1629,1629,Premium,2022-12-30,2023-10-27,No
S1630,1630,Premium,2024-01-02,2024-07-06,No
S1631,1631,Premium,2023-05-20,2025-08-10,Yes
S1632,1632,Basic,2024-05-22,2024-03-18,Yes
S1633,1633,Basic,2024-03-12,2024-01-19,Yes
S1634,1634,Basic,2022-09-12,2022-07-23,No
S1635,1635,Premium,2024-02-13,2024-11-27,No
S1636,1636,Standard,2023-12-15,2026-05-15,Yes
S1637,1637,Standard,2022-06-12,2024-08-21,No
S1638,1638,Basic,2022-06-25,2023-10-06,No
S1639,1639,Standard,2022-04-12,2023-11-03,No
S1640,1640,Standard,2024-01-02,2026-05-07,Yes
S1641,1641,Basic,2023-04-19,2025-02-12,No
S1642,1642,Basic,2023-05-16,2025-05-11,No
S1643,1643,Basic,2024-02-07,2023-12-08,No
S1644,1644,Premium,2024-06-23,2026-01-24,Yes
S1645,1645,Premium,2023-03-30,2024-07-24,No
S1646,1646,Premium,2022-11-11,2023-10-04,No
S1647,1647,Standard,2022-08-30,2025-01-19,No
S1648,1648,Premium,2024-04-27,2026-08-18,Yes
S1649,1649,Standard,2023-08-20,2024-02-27,No
S1650,1650,Premium,2022-07-10,2024-07-27,No
S1651,1651,Basic,2022-09-14,2022-07-07,No
S1652,1652,Basic,2023-11-16,2024-05-19,No
S1653,1653,Premium,2024-01-25,2026-03-25,Yes
S1654,1654,Standard,2023-06-13,2025-06-12,No
S1655,1655,Premium,2022-05-16,2023-02-07,No
S1656,1656,Standard,2022-05-11,2023-06-10,No
S1657,1657,Premium,2022-04-15,2023-09-29,No
S1658,1658,Basic,2023-01-06,2024-08-30,No
S1659,1659,Premium,2022-11-30,2024-11-03,No
S1660,1660,Basic,2023-01-29,2024-01-08,No
S1661,1661,Basic,2024-01-28,2025-03-09,No
S1662,1662,Premium,2023-04-04,2024-06-15,No
S1663,1663,Basic,2023-02-15,2023-12-09,No
S1664,1664,Basic,2022-03-24,2024-08-07,No
S1665,1665,Premium,2023-01-21,2023-09-13,No
S1666,1666,Premium,2024-05-01,2026-02-12,Yes
S1667,1667,Premium,2022-06-20,2024-07-01,No
S1668,1668,Basic,2024-06-26,2025-10-16,Yes
S1669,1669,Premium,2024-04-16,2024-12-20,No
S1670,1670,Standard,2022-07-13,2023-04-19,No
S1671,1671,Basic,2024-04-20,2026-06-03,Yes
S1672,1672,Standard,2023-05-08,2024-10-07,No
S1673,1673,Standard,2023-06-12,2024-04-18,No
S1674,1674,Premium,2023-06-11,2025-10-09,Yes
S1675,1675,Basic,2024-02-14,2024-11-22,No
S1676,1676,Standard,2023-12-30,2026-03-23,Yes
S1677,1677,Basic,2022-06-15,2022-04-12,No
S1678,1678,Standard,2023-08-29,2025-07-06,Yes
S1679,1679,Standard,2023-04-22,2024-09-19,No
S1680,1680,Premium,2023-03-16,2025-07-18,Yes
S1681,1681,Standard,2022-06-18,2024-11-24,No
S1682,1682,Premium,2022-10-09,2023-09-10,No
S1683,1683,Premium,2024-04-22,2026-05-22,Yes
S1684,1684,Standard,2023-03-30,2024-08-14,No
S1685,1685,Standard,2023-10-23,2024-10-09,No
S1686,1686,Basic,2023-11-03,2025-03-17,No
S1687,1687,Basic,2024-02-07,2025-03-19,No
S1688,1688,Standrd,2022-03-17,2024-06-30,No
S1689,1689,Standard,2022-11-16,2024-02-22,No
S1690,1690,Standard,2023-08-25,2024-07-07,No
S1691,1691,Premium,2023-11-16,2025-04-18,No
S1692,1692,Standard,2024-04-28,2024-04-25,Yes
S1693,1693,Standard,2022-09-27,2024-03-27,No
S1694,1694,Standard,2023-02-08,2024-12-17,No
S1695,1695,Premium,2022-04-17,2023-02-02,No
S1696,1696,Basic,2023-05-08,2025-08-26,Yes
S1697,1697,Premium,2023-12-24,2024-09-12,No
S1698,1698,Standard,2023-11-12,2024-09-30,No
S1699,1699,Premium,2022-03-27,2023-04-12,No
S1700,1700,Standard,2023-05-04,2025-08-02,Yes
S1701,1701,Basic,2024-02-13,2024-10-27,No
S1702,1702,Basic,2023-12-04,2025-11-02,Yes
S1703,1703,Premium,2023-03-27,2023-10-24,No
S1704,1704,Premium,2022-06-19,2024-07-30,No
S1705,1705,Standard,2023-06-09,2025-08-01,Yes
S1706,1706,Basic,2024-05-20,2024-12-23,No
S1707,1707,Premium,2023-11-20,2025-02-08,No
S1708,1708,Premium,2023-08-24,2025-08-25,Yes
S1709,1709,Standard,2022-05-27,2024-09-22,No
S1710,1710,Basic,2022-07-10,2024-01-15,No
S1711,1711,Standard,2022-12-12,2024-01-24,No
S1712,1712,Premium,2022-12-31,2024-04-21,No
S1713,1713,Basic,2023-10-06,2025-07-22,Yes
S1714,1714,Premium,2023-03-10,2025-02-09,No
S1715,1715,Basic,2022-05-12,2023-12-19,No
S1716,1716,Standard,2023-08-14,2025-07-08,Yes
S1717,1717,Basic,2022-06-01,2024-10-06,No
S1718,1718,Basic,2022-11-09,2022-11-06,No
S1719,1719,Premium,2024-01-25,2025-01-08,No
S1720,1720,Premium,2023-06-07,2024-04-25,No
S1721,1721,Standard,2022-08-29,2023-08-07,No
S1722,1722,Basic,2022-06-20,2024-07-18,No
S1723,1723,Premium,2023-03-16,2025-07-18,Yes
S1724,1724,Basic,2024-01-08,2025-11-13,Yes
S1725,1725,Standard,2023-12-24,2024-08-01,No
S1726,1726,Basic,2023-01-10,2022-10-04,No
S1727,1727,Basic,2022-05-09,2023-01-08,No
S1728,1728,Standard,2022-09-23,2024-04-03,No
S1729,1729,Basic,2024-06-20,2025-01-29,No
S1730,1730,Premium,2023-06-13,2024-07-08,No
S1731,1731,Premium,2023-02-21,2024-08-23,No
S1732,1732,Standard,2024-06-23,2026-04-14,Yes
S1733,1733,Standard,2024-06-12,2025-01-25,No
S1734,1734,Basic,2022-12-29,2025-04-21,No
S1735,1735,Standard,2022-03-20,2022-12-30,No
S1736,1736,Premium,2022-03-27,2024-03-09,No
S1737,1737,Premium,2024-01-29,2025-05-03,No
S1738,1738,Premium,2023-01-07,2024-03-31,No
S1739,1739,Premium,2024-04-10,2026-04-17,Yes
S1740,1740,Premium,2022-11-29,2023-11-22,No
S1741,1741,Standard,2023-08-27,2025-12-23,Yes
S1742,1742,Standard,2024-03-26,2025-10-01,Yes
S1743,1743,Premium,2022-12-12,2025-04-09,No
S1744,1744,Basic,2022-07-11,2024-06-19,No
S1745,1745,Standard,2023-04-12,2024-10-28,No
S1746,1746,Basic,2024-03-24,2026-03-02,Yes
S1747,1747,Standard,2022-07-22,2024-01-14,No
S1748,1748,Standard,2024-05-13,2026-03-22,Yes
S1749,1749,Standard,2022-12-21,2025-02-26,No
S1750,1750,Basic,2023-08-12,2023-07-23,Yes
S1751,1751,Basic,2024-02-03,2025-10-25,Yes
S1752,1752,Basic,2023-08-28,2024-10-16,No
S1753,1753,premum,2023-05-28,2025-05-03,No
S1754,1754,Premium,2023-06-02,2024-09-11,No
S1755,1755,Basic,2023-02-03,2022-11-18,No
S1756,1756,Basic,2024-03-21,2025-02-25,No
S1757,1757,Standard,2022-10-19,2024-12-23,No
S1758,1758,Premium,2022-04-29,2023-02-24,No
S1759,1759,Premium,2022-04-19,2023-06-08,No
S1760,1760,Standard,2022-12-11,2024-05-12,No
S1761,1761,Premium,2022-08-23,2023-06-15,No
S1762,1762,Standard,2023-09-01,2026-01-19,Yes
S1763,1763,Standard,2024-04-06,2026-02-05,Yes
S1764,1764,Basic,2022-07-02,2024-08-24,No
S1765,1765,Basic,2023-08-10,2025-11-29,Yes
S1766,1766,Standard,2024-06-24,2025-01-12,No
S1767,1767,Basic,2022-05-12,2022-12-22,No
S1768,1768,Basic,2023-12-21,2026-01-26,Yes
S1769,1769,Premium,2023-01-22,2024-01-01,No
S1770,1770,Basic,2024-03-30,2026-07-02,Yes
S1771,1771,Premium,2022-10-26,2023-06-03,No
S1772,1772,Premium,2023-09-05,2024-07-31,No
S1773,1773,Basic,2023-10-25,2024-10-09,No
S1774,1774,Standard,2022-07-29,2022-05-09,No
S1775,1775,Premium,2023-09-28,2025-05-15,No
S1776,1776,Premium,2024-04-26,2026-05-23,Yes
S1777,1777,Premium,2023-04-25,2023-11-10,No
S1778,1778,Premium,2023-06-26,2025-10-30,Yes
S1779,1779,Standard,2022-10-30,2023-07-24,No
S1780,1780,Basic,2024-02-12,2025-11-12,Yes
S1781,1781,Premium,2023-07-25,2025-05-17,No
S1782,1782,Standard,2023-04-06,2024-03-25,No
S1783,1783,Basic,2024-02-11,2023-12-16,Yes
S1784,1784,premum,2022-07-19,2023-06-10,No
S1785,1785,Premium,2023-12-31,2024-12-31,No
S1786,1786,Premium,2022-06-08,2024-10-10,No
S1787,1787,Premium,2022-04-21,2023-07-15,No
S1788,1788,Basic,2023-09-16,2026-02-14,Yes
S1789,1789,Standard,2022-11-30,2022-11-20,No
S1790,1790,Premium,2023-12-28,2026-02-19,Yes
S1791,1791,Basic,2022-07-05,2023-08-24,No
S1792,1792,Standard,2022-07-21,2024-02-15,No
S1793,1793,Basic,2024-02-08,2024-11-25,No
S1794,1794,Basic,2023-10-15,2024-11-05,No
S1795,1795,Premium,2022-04-13,2024-03-09,No
S1796,1796,Premium,2022-10-26,2024-06-26,No
S1797,1797,Basic,2023-01-28,2025-04-07,No
S1798,1798,Basic,2022-04-12,2023-04-08,No
S1799,1799,Standard,2022-10-30,2025-01-16,No
S1800,1800,Premium,2022-05-04,2022-12-09,No
S1801,1801,Premium,2024-01-11,2025-12-06,Yes
S1802,1802,Basic,2022-09-08,2023-06-10,No
S1803,1803,Standard,2022-05-21,2024-09-22,No
S1804,1804,Basic,2024-06-19,2026-08-25,Yes
S1805,1805,Premium,2023-01-24,2023-07-24,No
S1806,1806,Premium,2022-11-13,2025-03-06,No
S1807,1807,Standard,2023-06-12,2025-05-26,No
S1808,1808,Standard,2022-07-23,2024-02-02,No
S1809,1809,Basic,2023-02-21,2025-08-03,Yes
S1810,1810,Premium,2024-04-03,2025-12-13,Yes
S1811,1811,Basic,2023-07-09,2025-05-12,No
S1812,1812,Standard,2023-01-13,2024-07-04,No
S1813,1813,Premium,2023-04-08,2025-09-17,Yes
S1814,1814,Premium,2023-08-08,2024-05-14,No
S1815,1815,Standard,2024-06-06,2025-04-19,No
S1816,1816,Standard,2022-08-06,2024-06-04,No
S1817,1817,Basic,2023-01-18,2023-10-10,No
S1818,1818,Standard,2023-07-27,2025-09-26,Yes
S1819,1819,Premium,2023-11-05,2025-06-25,No
S1820,1820,Standard,2023-12-22,2024-12-29,No
S1821,1821,Basic,2023-05-21,2023-11-24,No
S1822,1822,Premium,2023-03-27,2025-03-11,No
S1823,1823,Basic,2024-06-25,2026-06-07,Yes
S1824,1824,Basic,2023-09-18,2025-04-04,No
S1825,1825,Premium,2024-03-17,2025-04-11,No
S1826,1826,Premium,2023-08-01,2024-12-16,No
S1827,1827,Standard,2022-08-13,2024-02-14,No
S1828,1828,Basic,2022-10-27,2023-09-30,No
S1829,1829,Standard,2022-11-06,2025-03-02,No
S1830,1830,Premium,2022-10-06,2023-12-19,No
S1831,1831,Standard,2022-10-09,2024-10-06,No
S1832,1832,Standard,2023-08-14,2025-09-10,Yes
S1833,1833,Standard,2024-03-02,2026-05-17,Yes
S1834,1834,Standard,2023-01-23,2025-06-17,No
S1835,1835,Standard,2024-02-09,2025-03-03,No
S1836,1836,Standard,2023-12-22,2026-01-05,Yes
S1837,1837,Premium,2022-07-20,2024-05-24,No
S1838,1838,Basic,2023-02-14,2024-08-26,No
S1839,1839,Premium,2023-08-12,2025-08-29,Yes
S1840,1840,Standard,2023-06-28,2024-09-09,No
S1841,1841,Standard,2023-12-13,2026-01-22,Yes
S1842,1842,,2022-08-31,2022-07-10,No
S1843,1843,Premium,2023-05-01,2024-03-17,No
S1844,1844,Premium,2024-01-10,2024-11-06,No
S1845,1845,Premium,2023-09-04,2024-10-23,No
S1846,1846,Standard,2022-12-27,2022-10-13,No
S1847,1847,Basic,2022-11-28,2023-09-06,No
S1848,1848,Basic,2023-01-23,2024-12-23,No
S1849,1849,Standard,2022-04-28,2023-10-06,No
S1850,1850,Premium,2022-05-17,2024-08-02,No
S1851,1851,Premium,2022-12-18,2025-05-16,No
S1852,1852,Premium,2022-06-07,2023-01-26,No
S1853,1853,Basic,2024-05-27,2025-12-26,Yes
S1854,1854,Premium,2024-04-01,2024-10-03,No
S1855,1855,Basic,2022-03-22,2023-02-13,No
S1856,1856,Standard,2022-07-03,2024-09-04,No
S1857,1857,Standard,2024-01-12,2024-10-08,No
S1858,1858,Basic,2022-03-19,2023-06-11,No
S1859,1859,Basic,2023-07-06,2025-01-15,No
S1860,1860,Basic,2022-12-26,2025-03-08,No
S1861,1861,Basic,2023-09-07,2025-04-02,No
S1862,1862,Standard,2024-02-12,2026-04-30,Yes
S1863,1863,Premium,2022-08-28,2024-08-10,No
S1864,1864,Standard,2023-10-18,2025-12-17,Yes
S1865,1865,Basic,2023-10-20,2024-10-13,No
S1866,1866,Premium,2024-02-05,2025-12-22,Yes
S1867,1867,Standard,2022-09-26,2023-04-04,No
S1868,1868,Basic,2024-04-13,2026-08-13,Yes
S1869,1869,Premium,2023-01-19,2024-05-05,No
S1870,1870,Basic,2023-03-22,2023-01-15,No
S1871,1871,Premium,2022-04-29,2024-03-31,No
S1872,1872,Premium,2022-09-18,2025-03-01,No
S1873,1873,Basic,2024-04-26,2026-07-14,Yes
S1874,1874,Basic,2023-04-17,2023-02-07,Yes
S1875,1875,Basic,2023-08-04,2025-02-02,No
S1876,1876,Basic,2022-11-16,2025-03-15,No
S1877,1877,,2022-04-14,2022-01-20,No
S1878,1878,Basic,2024-03-20,2025-06-25,No
S1879,1879,Standard,2024-02-23,2025-08-17,Yes
S1880,1880,Premium,2024-06-29,2026-02-03,Yes
S1881,1881,Standard,2022-09-03,2024-10-22,No
S1882,1882,Basic,2024-03-26,2026-03-06,Yes
S1883,1883,,2024-04-06,2026-09-23,Yes
S1884,1884,Basic,2024-05-07,2025-02-03,No
S1885,1885,Premium,2022-06-17,2023-10-01,No
S1886,1886,Premium,2022-07-10,2024-07-31,No
S1887,1887,Premium,2023-02-27,2024-08-16,No
S1888,1888,Standard,2023-11-11,2025-02-16,No
S1889,1889,Basic,2024-06-20,2026-08-29,Yes
S1890,1890,Basic,2024-02-27,2025-12-03,Yes
S1891,1891,,2023-02-26,2025-04-04,No
S1892,1892,Basic,2022-06-12,2023-09-02,No
S1893,1893,Basic,2023-06-19,2025-02-04,No
S1894,1894,Premium,2022-09-12,2023-06-28,No
S1895,1895,Premium,2023-01-03,2023-09-14,No
S1896,1896,Premium,2022-09-03,2023-12-28,No
S1897,1897,Standard,2022-06-21,2023-04-16,No
S1898,1898,Premium,2023-05-05,2024-07-21,No
S1899,1899,Premium,2024-04-02,2026-05-10,Yes
S1900,1900,Standard,2022-11-04,2025-04-12,No
S1901,1901,Standard,2023-04-17,2024-11-03,No
S1902,1902,Premium,2023-09-20,2025-07-26,Yes
S1903,1903,Basic,2022-12-11,2024-05-21,No
S1904,1904,Standard,2023-09-12,2026-02-05,Yes
S1905,1905,Standard,2023-12-02,2026-01-20,Yes
S1906,1906,Basic,2023-12-19,2025-10-22,Yes
S1907,1907,Basic,2022-04-19,2023-07-07,No
S1908,1908,Basic,2024-03-06,2024-02-17,Yes
S1909,1909,Premium,2024-04-18,2025-05-28,No
S1910,1910,Premium,2023-08-10,2026-01-24,Yes
S1911,1911,Basic,2023-04-26,2024-09-10,No
S1912,1912,Standard,2022-05-10,2023-11-02,No
S1913,1913,Premium,2022-11-06,2022-10-16,No
S1914,1914,Basic,2023-11-22,2026-05-07,Yes
S1915,1915,Standard,2023-01-28,2024-04-06,No
S1916,1916,Standard,2022-05-06,2023-02-05,No
S1917,1917,Standard,2024-04-06,2026-08-23,Yes
S1918,1918,Premium,2022-10-08,2022-08-07,No
S1919,1919,Basic,2024-04-10,2026-04-27,Yes
S1920,1920,Basic,2023-07-31,2025-05-28,No
S1921,1921,Standard,2023-08-17,2025-02-09,No
S1922,1922,Basic,2024-05-01,2024-04-02,Yes
S1923,1923,Standard,2024-03-03,2025-03-05,No
S1924,1924,Premium,2023-08-18,2026-01-13,Yes
S1925,1925,Basic,2024-02-28,2026-01-18,Yes
S1926,1926,Premium,2022-07-12,2023-07-31,No
S1927,1927,Basic,2023-07-10,2024-09-09,No
S1928,1928,Standard,2024-01-11,2025-02-05,No
S1929,1929,Basic,2022-06-10,2023-07-02,No
S1930,1930,Basic,2022-03-26,2024-06-16,No
S1931,1931,Standard,2024-04-25,2025-03-30,No
S1932,1932,Basic,2022-09-26,2023-07-25,No
S1933,1933,Basic,2023-06-27,2025-11-15,Yes
S1934,1934,Premium,2023-06-19,2025-05-03,No
S1935,1935,Premium,2022-11-20,2023-05-25,No
S1936,1936,Premium,2023-11-09,2024-06-19,No
S1937,1937,Standard,2024-05-15,2025-11-26,Yes
S1938,1938,Premium,2023-03-04,2024-07-18,No
S1939,1939,Standard,2024-05-24,2026-07-01,Yes
S1940,1940,Standard,2023-11-13,2025-09-25,Yes
S1941,1941,Standrd,2022-06-23,2024-05-26,No
S1942,1942,Standard,2022-11-22,2024-07-01,No
S1943,1943,Basic,2022-08-10,2024-09-18,No
S1944,1944,Basic,2022-03-29,2022-11-19,No
S1945,1945,Premium,2023-03-11,2024-11-13,No
S1946,1946,Standard,2024-04-02,2026-04-05,Yes
S1947,1947,Basic,2023-06-18,2025-05-12,No
S1948,1948,Standard,2022-04-18,2023-11-22,No
S1949,1949,Premium,2023-03-12,2024-03-04,No
S1950,1950,Standard,2022-06-10,2023-04-09,No
S1951,1951,Premium,2024-06-23,2026-06-03,Yes
S1952,1952,Standard,2022-12-23,2024-05-09,No
S1953,1953,Premium,2023-07-22,2024-01-26,No
S1954,1954,Basic,2022-06-05,2024-10-22,No
S1955,1955,Basic,2023-01-04,2024-07-25,No
S1956,1956,Premium,2024-04-29,2025-02-06,No
S1957,1957,Standard,2024-03-26,2025-09-27,Yes
S1958,1958,Premium,2023-05-04,2024-07-22,No
S1959,1959,Basic,2022-05-26,2024-06-05,No
S1960,1960,Standard,2023-01-29,2024-03-26,No
S1961,1961,Standard,2022-11-01,2024-08-24,No
S1962,1962,Premium,2022-08-21,2024-02-03,No
S1963,1963,Standard,2023-10-06,2024-10-08,No
S1964,1964,,2023-08-09,2025-04-14,No
S1965,1965,Basic,2024-04-14,2025-12-14,Yes
S1966,1966,Premium,2024-03-10,2025-09-22,Yes
S1967,1967,Standard,2023-03-27,2024-11-06,No
S1968,1968,Standard,2022-12-29,2024-09-30,No
S1969,1969,Basic,2023-08-19,2025-09-22,Yes
S1970,1970,Basic,2024-03-29,2026-05-07,Yes
S1971,1971,Premium,2022-07-09,2023-08-27,No
S1972,1972,Basic,2023-11-22,2025-02-20,No
S1973,1973,Basic,2022-07-02,2024-07-19,No
S1974,1974,Standard,2024-05-10,2025-12-01,Yes
S1975,1975,Basic,2024-01-03,2024-11-27,No
S1976,1976,Standrd,2022-12-08,2023-11-06,No
S1977,1977,,2024-03-25,2024-09-30,No
S1978,1978,Basic,2024-02-26,2025-10-29,Yes
S1979,1979,Standard,2024-02-17,2024-12-30,No
S1980,1980,Standrd,2022-07-28,2024-07-06,No
S1981,1981,Premium,2022-11-11,2024-03-28,No
S1982,1982,Standard,2024-06-07,2025-10-07,Yes
S1983,1983,Standard,2022-03-24,2024-04-17,No
S1984,1984,Premium,2024-02-25,2024-10-10,No
S1985,1985,Standard,2024-01-09,2024-10-16,No
S1986,1986,Premium,2023-02-07,2024-01-20,No
S1987,1987,Basic,2024-01-05,2025-02-08,No
S1988,1988,Standard,2023-09-22,2025-07-20,Yes
S1989,1989,Premium,2024-05-25,2025-02-27,No
S1990,1990,Standard,2023-10-22,2025-03-27,No
S1991,1991,Standard,2022-12-14,2024-06-15,No
S1992,1992,Standard,2023-06-03,2025-06-25,No
S1993,1993,Premium,2022-09-10,2023-11-27,No
S1994,1994,Standard,2022-04-08,2022-01-22,No
S1995,1995,,2023-02-24,2023-12-25,No
S1996,1996,Standard,2022-11-28,2025-04-21,No
S1997,1997,Premium,2023-09-27,2024-10-14,No
S1998,1998,Premium,2023-11-18,2025-12-26,Yes
S1999,1999,Premium,2022-03-24,2024-07-15,No
S2000,2000,Premium,2023-11-04,2024-10-27,No
